Name,Email,Industry
Harley,harley@baffleinc.com,real-estate-agent,
Harley,iharldsf@derp.com,real-estate-agent,
Harley,iharley@derp.com,mortgage-broker
Harley,iharley@derp.com,mortgage-broker
Harley,iharley@derp.com,mortgage-broker
Harley,iharley@derp.com,real-estate-agent
harel,sdflk@dper.com,real-estate-agent
Harley,hdfsdf@derp.com,real-estate-agent
Harley,sdlkgjf@sf.om,mortgage-broker
lksdjfdslkj,sdlkjgfd@depr.com,financial-planner
Harley,harley@derp.com,accountant
Harley,harley@derp.com,mortgage-broker
